"","Estimate","Std. Error","z value","Pr(>|z|)",".1"
"(Intercept)",0,NA,NA," NA",""
"Cohesiveness",25.9546064693064,2.79834836687154,9.27497332947247,"1.78e-20","***"
"Adhesiveness",0.00384625651016889,0.00149737433811793,2.56866730800482,"1.02e-02","*"
"Hardness",0.0257281401868432,0.00305625138611431,8.41820156016477,"3.82e-17","***"
"Gumminess",-0.146771912725845,0.0180131010263215,-8.14806470642535,"3.70e-16","***"
"Chewiness",0.0962929525984361,0.017001056839139,5.66393921916401,"1.48e-08","***"
"Resilience",0.514400042455094,0.229233712090253,2.24399822244543,"2.48e-02","*"
"Springiness",0.223020886755651,0.0274074236222123,8.13724375664792,"4.04e-16","***"
